NAME,RUNID,EVENTID,START,EVENTMJD,I3TYPE,RA,DEC,RA_ERR_PLUS,RA_ERR_MINUS,DEC_ERR_PLUS,DEC_ERR_MINUS,ENERGY,FAR,SIGNAL,CASCADE_SCR,SKIMMING_SCR,START_SCR,STOP_SCR,THRGOING_SCR,CR_VETO
IC110514A,118178,17334444,32:22.7,55695.06415,gfu-gold,138.47,-1.94,6.68,3.78,0.97,1.12,187,1.3,0.508,3.46E-07,4.48E-07,0.0811,4.65E-05,0.919,FALSE
IC110610A,118309,46569873,13:33.1,55722.42608,gfu-gold,272.55,35.64,1.67,2.42,1.3,1.05,294,0.25,0.75,3.37E-10,3.99E-11,1.20E-06,0.000129,1,FALSE
IC110616A,118342,24578488,30:53.9,55728.72979,gfu-bronze,71.15,5.38,1.41,2.07,0.79,0.9,109,4.34,0.257,7.82E-09,1.32E-07,5.16E-05,1.83E-05,1,FALSE
IC110714A,118435,58198553,42:41.9,55756.11298,hese-gold,68.2,40.67,0.31,1.1,0.44,0.44,72,0.11,0.778,4.33E-05,1.10E-05,0.876,1.81E-05,0.124,FALSE
IC110726A,118475,52691508,15:33.3,55768.5108,gfu-bronze,151.08,6.99,1.19,1.71,0.98,0.83,160,1.92,0.396,0.05,1.39E-06,0.946,0.000202,0.00382,FALSE
IC110807A,118539,54350726,30:46.5,55780.9797,gfu-bronze,336.8,1.53,1.36,1.98,0.93,0.78,108,4.45,0.266,6.02E-07,3.43E-08,0.00188,8.68E-05,0.998,FALSE
IC110818A,118576,45696357,31:38.8,55791.68864,gfu-bronze,332.45,-2.09,0.97,1.23,0.93,0.9,123,2.85,0.34,3.01E-06,5.15E-12,1,1.14E-09,3.38E-07,FALSE
IC110902A,118631,36844560,12:46.3,55806.0922,gfu-gold,9.76,7.59,2.86,1.32,0.87,0.86,243,0.74,0.609,2.21E-07,2.81E-07,0.00121,1.02E-05,0.999,FALSE
IC110907A,118660,61529737,04:14.8,55811.79462,gfu-gold,196.08,9.4,3.91,2.68,1.55,1.06,186,1.15,0.506,6.13E-06,3.60E-09,1,9.42E-09,0.000146,FALSE
IC110929A,118738,995844,15:04.2,55833.26047,gfu-bronze,121.45,50.04,1.34,1.29,0.24,0.15,158,0.27,0.521,1.31E-06,9.41E-12,1,2.02E-10,1.45E-08,FALSE
IC110930A,118741,43101116,40:59.8,55834.44514,gfu-bronze,267.01,-4.44,1.19,1.14,0.6,0.79,160,1.53,0.429,4.21E-07,2.57E-10,1,1.20E-07,0.000362,FALSE
IC111012A,118778,61465314,48:17.6,55846.86687,gfu-bronze,172.13,44.7,1.4,1.39,0.79,0.45,115,0.57,0.434,9.51E-14,1.02E-07,8.37E-08,2.00E-09,1,FALSE
IC111120A,118973,22324184,03:53.9,55885.96104,gfu-bronze,26.06,9.82,1.89,3.16,1.4,1.36,159,1.61,0.42,0.00011,6.38E-10,1,2.52E-08,2.23E-06,FALSE
IC111120B,118973,25391094,21:37.8,55885.97335,gfu-bronze,356.84,-11.99,0.53,0.62,0.23,0.27,4969,0.6,0.292,1.46E-05,9.11E-06,0.000279,0.000298,0.999,TRUE
IC111208A,119097,49522606,15:15.4,55903.71893,gfu-bronze,165.19,38.49,7.03,4.13,3.67,3.49,123,0.4,0.446,2.38E-10,3.58E-08,2.98E-05,9.98E-05,1,FALSE
IC111209A,119101,32538906,57:56.3,55904.4569,gfu-bronze,99.98,20.42,1.19,2.02,1.6,2.02,108,2.64,0.335,1.95E-08,2.15E-10,1,4.19E-09,0.000149,FALSE
IC111213A,119125,14422170,32:43.3,55908.39772,gfu-bronze,247.85,0.56,1.71,1.58,1.46,1.42,164,1.81,0.408,1.61E-07,2.00E-08,0.000461,1.80E-05,1,FALSE
IC111216A,119136,66932419,38:39.9,55911.27685,gfu-gold,36.74,18.88,1.8,2.24,2.46,2.82,891,0.15,0.946,3.14E-12,9.74E-09,9.10E-06,1.61E-06,1,FALSE
IC111218A,119146,28561103,03:01.0,55913.33543,gfu-bronze,26.85,7.03,3.69,4.66,4.04,5.2,157,1.91,0.397,1.93E-06,9.40E-06,0.0102,0.86,0.13,FALSE
IC120301A,119739,41603205,21:57.3,55987.80691,gfu-gold,237.96,18.76,0.53,0.62,0.47,0.51,433,0.56,0.825,2.79E-06,7.35E-08,0.975,6.81E-07,0.0247,FALSE
IC120426A,120027,12133428,58:04.2,56043.41533,gfu-bronze,183.56,0.52,2.15,2.02,0.86,0.71,109,4.28,0.274,9.10E-08,2.59E-07,0.00197,4.31E-05,0.998,FALSE
IC120501A,120045,22615214,41:24.4,56048.57042,hese-gold,165.37,-71.51,7.01,5.36,3.53,2.68,85,1.88,0.464,0.000113,0.000613,0.0121,0.000465,0.987,FALSE
IC120515A,120157,59255331,00:59.3,56062.95902,gfu-gold,198.94,32,1.71,1.41,0.97,1.09,194,0.63,0.613,5.00E-05,3.36E-11,1,7.20E-13,1.89E-10,FALSE
IC120523A,120185,63879322,46:58.0,56070.57428,ehe-gold,171.08,26.44,0.66,1.41,0.46,0.37,213,1.44,0.525,4.58E-10,4.54E-06,1.54E-05,1.44E-07,1,FALSE
IC120523B,120186,1306178,19:39.5,56070.63865,gfu-bronze,343.78,15.48,4.92,4.48,2.38,1.54,168,1.25,0.49,1.49E-10,1.92E-08,5.48E-05,4.13E-06,1,FALSE
IC120529A,120205,73761892,01:50.6,56076.54295,gfu-bronze,176.48,22.87,6.64,5.93,2.7,1.77,126,1.6,0.416,3.70E-10,0.00679,3.77E-05,3.39E-05,0.993,FALSE
IC120601A,120244,21476686,20:01.4,56079.30557,gfu-bronze,119.31,14.79,2.02,0.92,0.62,0.73,137,1.87,0.395,1.29E-11,2.74E-08,3.60E-05,1.12E-07,1,FALSE
IC120605A,120260,65493286,42:33.9,56083.65456,gfu-bronze,152.58,36.38,1.89,2.42,1.54,1.47,107,1.26,0.385,2.60E-13,1.57E-10,2.25E-05,0.000149,1,FALSE
IC120611A,120309,20451977,44:24.3,56089.36417,gfu-bronze,39.95,-15.09,0.26,0.26,0.19,0.31,9220,0.41,0.244,1.81E-05,9.69E-05,0.000398,6.23E-05,0.999,TRUE
IC120807A,120535,24248640,58:17.5,56146.20715,gfu-gold,330.07,1.42,0.83,0.83,0.6,0.45,373,0.37,0.744,1.50E-07,9.72E-07,0.000993,0.00112,0.998,FALSE
IC120916A,120680,12284754,19:38.3,56186.3053,gfu-gold,182.24,3.88,1.36,1.71,0.67,0.82,174,1.6,0.438,1.30E-07,6.27E-08,0.00513,2.11E-05,0.995,FALSE
IC120922A,120708,53550535,11:02.3,56192.54933,ehe-gold,70.62,19.79,1.49,1.27,0.91,0.71,143,1.8,0.426,2.50E-07,1.06E-05,0.00589,8.60E-06,0.994,FALSE
IC121011A,120798,20915945,30:09.4,56211.77094,gfu-gold,205.14,-2.28,0.66,0.7,0.52,0.56,481,0.23,0.842,9.19E-07,2.12E-07,0.00126,7.44E-05,0.999,FALSE
IC121026A,120860,64513030,23:16.5,56226.5995,gfu-gold,169.8,27.91,1.32,1.41,0.85,0.88,961,0.16,0.926,1.22E-14,1.96E-09,1.20E-07,1.26E-05,1,FALSE
IC121103A,120884,64276946,10:49.8,56234.50752,gfu-bronze,123.18,6.05,0.92,0.97,0.64,0.56,112,3.88,0.276,5.39E-07,8.57E-07,0.00369,7.45E-05,0.996,FALSE
IC121115A,120935,29325450,55:42.3,56246.33035,gfu-bronze,225.7,8.88,1.01,1.19,0.94,0.95,116,2.82,0.319,8.44E-07,4.00E-08,0.157,4.47E-05,0.842,FALSE
IC130125A,121761,41853263,22:37.5,56317.26571,gfu-bronze,7.67,74.14,6.46,5.92,3.36,2.82,165,0.25,0.531,9.59E-07,8.55E-10,1,7.32E-09,3.08E-06,FALSE
IC130125B,121762,56963417,48:58.2,56317.65901,gfu-bronze,280.46,-1.9,1.89,2.33,0.93,0.82,114,3.54,0.31,1.00E-06,1.78E-06,0.0105,0.00011,0.989,FALSE
IC130127A,121769,40349510,43:11.0,56319.27999,gfu-gold,352.97,-1.98,1.32,1.01,0.97,0.9,235,0.65,0.61,2.91E-06,2.17E-07,0.00167,0.000384,0.998,FALSE
IC130208A,121840,62872761,54:50.0,56331.12141,gfu-bronze,48.38,-13.32,0.31,0.31,0.23,0.23,2268,0.46,0.317,8.12E-08,4.50E-07,0.000254,3.44E-06,1,TRUE
IC130316A,122055,5809789,39:49.8,56367.73599,gfu-bronze,303.41,54.68,2.98,3.55,1.77,1.59,105,0.72,0.377,1.61E-15,2.06E-09,5.75E-09,6.67E-10,1,FALSE
IC130318A,122060,56194427,49:44.1,56369.28454,gfu-bronze,13.45,20.62,0.79,0.88,1.44,0.99,106,2.83,0.327,1.95E-07,5.26E-09,0.998,2.96E-08,0.00196,FALSE
IC130408A,122152,30701331,31:50.1,56390.18877,hese-gold,167.83,20.66,2.64,3.96,1.28,0.99,65,0.73,0.525,2.28E-05,2.99E-09,1,4.11E-10,4.01E-08,FALSE
IC130408B,122154,6905361,12:01.8,56390.75835,gfu-bronze,7.38,4.22,4.88,8.04,4.73,3.58,163,1.88,0.395,3.70E-11,3.07E-09,4.86E-05,1.26E-06,1,FALSE
IC130409A,122160,52726834,34:38.7,56391.98239,gfu-bronze,163.56,29.44,2.68,2.5,4.38,3.46,115,1.54,0.411,6.89E-14,4.05E-07,2.19E-09,2.27E-07,1,FALSE
IC130508A,122316,49995489,23:19.5,56420.6412,gfu-bronze,337.76,26.24,3.21,2.02,2.69,1.9,140,1.14,0.452,7.49E-13,1.64E-08,2.23E-08,3.04E-06,1,FALSE
IC130509A,122318,21601607,27:35.8,56421.18583,gfu-bronze,317.5,2.09,1.76,1.85,1.19,1.34,105,4.96,0.249,2.07E-07,1.33E-07,0.000867,0.000322,0.999,FALSE
IC130519A,122361,46565711,35:18.6,56431.48285,gfu-bronze,45.35,23.85,3.12,1.49,1.15,0.89,110,2.17,0.364,2.12E-11,6.05E-08,2.22E-05,2.12E-05,1,FALSE
IC130531A,122469,31925079,21:58.3,56443.55692,gfu-bronze,164.18,6.32,2.42,2.15,1.32,1.27,143,2.71,0.351,4.92E-06,4.09E-08,0.17,5.25E-05,0.83,FALSE
IC130627A,122604,17469985,38:57.8,56470.11039,gfu-gold,93.74,14.17,1.01,1.14,1.23,1.04,851,0.22,0.938,3.84E-05,2.15E-06,0.945,1.74E-05,0.055,FALSE
IC130627B,122605,60656774,13:17.9,56470.4259,gfu-bronze,155.35,3.73,3.87,2.37,1.72,1.42,122,3.51,0.309,6.10E-08,2.26E-07,0.00494,5.60E-05,0.995,FALSE
IC130711A,122663,58987459,42:57.6,56484.52983,gfu-bronze,77.87,-2.43,2.59,1.19,1.34,1.12,165,1.67,0.426,7.62E-08,3.25E-09,0.00607,7.71E-05,0.994,FALSE
IC130731A,122768,38570780,44:12.8,56504.07237,gfu-bronze,122.87,6.32,2.29,4.35,3.24,2.4,122,3.11,0.319,6.63E-07,5.26E-11,1,2.44E-10,2.65E-07,FALSE
IC130801A,122772,38615684,09:01.6,56505.25627,gfu-bronze,214.98,7.75,4.35,4,1.24,1.2,110,3.44,0.28,7.42E-11,2.06E-08,1.36E-05,1.11E-06,1,FALSE
IC130804A,122793,12516001,33:03.1,56508.81462,gfu-bronze,129.02,13.36,1.14,1.54,1.08,1.68,113,2.34,0.328,4.57E-08,1.67E-07,0.00113,2.41E-05,0.999,FALSE
IC130808A,122818,16944987,09:00.3,56512.33959,gfu-bronze,26.59,9.22,1.14,1.23,0.91,0.87,111,3.08,0.294,1.12E-07,5.99E-08,0.00858,5.03E-05,0.991,FALSE
IC130822A,122895,69011827,48:20.0,56526.40857,gfu-bronze,91.32,0.56,1.19,1.19,0.78,0.63,115,3.7,0.301,3.76E-08,3.53E-08,3.69E-05,6.77E-05,1,FALSE
IC130907A,122973,6578595,02:03.8,56542.7931,ehe-gold,130.17,-10.54,0.48,0.31,0.27,0.3,890,0.44,0.322,2.83E-06,3.58E-07,0.174,2.88E-05,0.826,TRUE
IC131014A,123107,8144529,49:15.8,56579.90921,gfu-gold,32.92,10.28,0.88,0.7,0.42,0.57,293,0.67,0.665,1.63E-09,1.68E-08,5.89E-05,2.10E-05,1,FALSE
IC131023A,123145,34573112,24:14.9,56588.55851,ehe-gold,301.9,11.61,1.01,1.05,1.14,1.29,211,1.68,0.59,0.000752,5.11E-07,0.999,2.31E-07,0.000357,FALSE
IC131108A,123228,40504010,15:45.6,56604.55261,gfu-bronze,342.73,41.81,1.54,1.58,1.4,0.89,153,0.22,0.502,4.94E-18,5.68E-09,9.74E-11,1.44E-07,1,FALSE
IC131112A,123240,49730417,44:59.4,56608.03124,gfu-bronze,129.24,-17.27,0.26,0.26,0.16,0.16,7006,0.19,0.272,5.53E-06,5.09E-05,5.92E-05,0.000349,1,FALSE
IC131124A,123281,52248792,28:52.7,56620.14505,gfu-gold,285.16,19.47,2.2,1.54,1.43,1.46,180,0.97,0.553,2.59E-13,1.23E-09,2.03E-07,2.90E-07,1,FALSE
IC131204A,123334,75182550,16:54.3,56630.47007,ehe-gold,288.98,-14.21,1.1,0.83,0.77,1.31,259,1.06,0.196,9.92E-06,1.14E-06,0.00976,0.00014,0.99,FALSE
IC140101A,123620,47444787,41:33.8,56658.40386,gfu-gold,192.26,-2.69,2.07,2.37,1.01,0.71,200,0.95,0.56,5.45E-07,2.30E-07,0.0327,2.87E-05,0.967,FALSE
IC140103A,123662,27529428,15:30.1,56660.88576,gfu-bronze,37.9,78.97,25.61,27.3,5.86,9.97,125,0.41,0.419,2.04E-10,1.77E-05,9.76E-09,3.57E-05,1,FALSE
IC140108A,123751,34239163,23:22.3,56665.3079,ehe-gold,344.66,1.57,0.53,0.48,0.37,0.34,214,1.45,0.693,7.12E-06,1.50E-06,0.00487,0.000522,0.995,FALSE
IC140109A,123762,72626160,04:18.0,56666.50299,gfu-gold,293.12,33.02,0.79,1.19,0.45,0.53,924,0.15,0.927,7.87E-11,2.03E-08,3.36E-06,1.40E-05,1,FALSE
IC140114A,123867,11659459,04:09.5,56671.87789,hese-bronze,337.59,0.71,0.57,0.92,0.97,0.86,54,0.97,0.335,0.0016,1.73E-07,0.998,4.58E-08,1.36E-07,FALSE
IC140122A,123986,63557286,32:21.7,56679.14747,gfu-bronze,138.82,37.45,3.52,10.11,1.95,2.09,131,0.36,0.458,3.10E-11,3.28E-08,0.000761,0.000355,0.999,FALSE
IC140122B,123986,77999595,54:27.1,56679.20448,hese-gold,220.29,-86.07,8.94,8.37,0.59,0.64,374,0.15,0.821,0.0278,0.164,0.0188,0.0417,0.748,FALSE
IC140203A,124136,15174527,50:35.5,56691.78513,ehe-gold,349.58,-13.55,2.64,2.55,1.15,1.73,685,0.53,0.126,2.43E-06,0.00122,7.86E-05,4.39E-05,0.999,FALSE
IC140213A,124221,76481548,25:05.1,56701.80909,gfu-bronze,202.59,13.06,4.79,3.21,2.31,2.52,140,1.79,0.394,5.92E-11,9.01E-07,1.78E-07,8.33E-08,1,FALSE
IC140223A,124296,49827757,05:00.4,56711.92014,gfu-bronze,118.83,32.58,11.87,11.87,5.68,9.83,119,1.33,0.43,5.08E-09,3.30E-07,3.14E-06,3.11E-05,1,FALSE
IC140307A,124340,19400842,04:49.3,56723.92002,gfu-bronze,308.06,32.93,2.68,4.61,2.71,3.23,109,1.18,0.396,5.20E-12,1.55E-08,1.18E-08,4.61E-06,1,FALSE
IC140324A,124463,35466777,08:34.3,56740.08929,gfu-bronze,225.7,51.06,5.67,4.65,4,2.87,109,0.74,0.403,7.23E-12,1.80E-10,2.12E-06,4.53E-05,1,FALSE
IC140410A,124547,66087371,22:12.6,56757.09876,gfu-gold,2.11,81.22,151.51,58.92,8,6.94,246,0.16,0.627,5.06E-05,4.44E-10,1,3.28E-09,2.42E-09,FALSE
IC140411A,124569,22040903,36:08.6,56758.56677,gfu-bronze,146.95,15.91,3.12,3.12,2.89,2.62,156,1.55,0.454,3.88E-06,4.52E-11,1,8.45E-11,1.61E-08,FALSE
IC140420A,124643,5182926,37:28.3,56767.85936,gfu-bronze,6.28,16.57,7.03,5.89,4.77,5.11,163,1.33,0.489,1.79E-09,2.80E-07,4.29E-06,1.69E-05,1,FALSE
IC140503A,124693,33063779,58:06.2,56780.95702,gfu-bronze,162.3,46.57,6.91,11.26,5.41,5.11,109,0.7,0.404,2.32E-07,9.69E-10,1,4.11E-08,0.000192,FALSE
IC140603A,124829,42577032,25:09.1,56811.14247,gfu-bronze,9.71,7.56,0.62,0.88,0.53,0.83,152,2.2,0.377,7.98E-05,1.41E-08,0.999,2.02E-06,0.000842,FALSE
IC140609A,124852,74171655,16:24.4,56817.63639,gfu-gold,106.26,1.31,2.68,2.15,1.05,0.86,459,0.3,0.815,2.26E-07,2.92E-08,0.0134,1.83E-05,0.987,FALSE
IC140611A,124861,32863663,54:24.4,56819.20445,gfu-gold,110.65,11.45,0.53,0.62,0.19,0.19,5960,0.15,0.997,8.39E-10,7.04E-08,4.85E-06,1.02E-05,1,FALSE
IC140704A,124994,15096469,08:47.8,56842.29778,gfu-bronze,157.07,53.62,4.69,4.64,3.35,3.48,150,0.39,0.504,2.88E-07,1.14E-10,1,7.86E-09,3.37E-08,FALSE
IC140705A,125001,73159253,02:55.1,56843.66869,gfu-gold,25.88,2.54,1.85,2.99,1.79,1.75,212,0.94,0.559,4.11E-09,2.99E-06,5.54E-05,2.77E-05,1,FALSE
IC140707A,125011,43302321,59:43.2,56845.49981,gfu-bronze,240.86,14.17,3.08,2.07,1.54,1.65,167,1.29,0.478,5.15E-09,9.94E-08,0.00286,1.08E-05,0.997,FALSE
IC140713A,125046,64570437,21:28.4,56851.55658,gfu-bronze,0.79,15.6,1.14,1.19,0.89,0.66,134,1.95,0.391,1.53E-09,3.37E-08,0.00649,2.69E-06,0.994,FALSE
IC140721A,125071,31397276,12:43.2,56859.75883,hese-gold,101.82,-32.89,6.77,6.86,5.23,8.08,157,0.56,0.565,0.00101,0.000397,0.0154,0.00274,0.98,FALSE
IC140820A,125205,19617837,04:23.3,56889.37805,gfu-bronze,271.45,1.87,3.43,1.8,1.42,1.46,108,4.42,0.267,1.30E-07,2.49E-06,1.07E-05,0.000483,1,FALSE
IC140923A,125338,65606123,18:23.3,56923.7211,ehe-gold,169.72,-1.6,0.7,0.83,0.52,0.3,209,1.41,0.241,2.79E-07,1.20E-06,2.34E-05,0.000146,1,FALSE
IC140927A,125349,12316485,51:37.1,56927.16085,gfu-gold,50.89,-0.63,3.91,5.14,1.49,1.42,182,1.44,0.481,4.67E-06,5.97E-11,1,1.44E-09,6.13E-08,FALSE
IC141012A,125422,26630854,01:14.9,56942.75087,gfu-bronze,63.85,3.21,2.24,1.36,0.9,1.08,173,1.62,0.436,1.56E-09,8.56E-08,6.35E-05,1.27E-06,1,FALSE
IC141110A,125544,54236696,07:19.9,56971.29676,gfu-bronze,253.43,6.43,0.83,1.1,0.71,0.68,113,3.65,0.286,5.66E-07,2.74E-08,0.301,5.64E-06,0.699,FALSE
IC141114A,125558,19184163,09:53.7,56975.25687,gfu-bronze,221.48,28,4.53,2.29,2.31,2.3,110,1.93,0.38,1.61E-10,9.40E-07,1.93E-07,9.82E-05,1,FALSE
IC141208A,125693,21174828,02:29.7,56999.6684,gfu-bronze,246.36,17.23,1.76,1.89,1.29,1.09,109,2.53,0.331,1.42E-07,4.28E-07,0.0128,0.000432,0.987,FALSE
IC141210A,125709,6405911,20:47.5,57001.84777,gfu-bronze,318.12,1.57,2.33,1.93,1.57,1.72,154,2.39,0.373,6.34E-07,1.97E-10,1,1.22E-09,4.04E-07,FALSE
IC141221A,125757,12938244,50:45.6,57012.41025,gfu-bronze,179.08,-1.94,0.88,1.1,0.71,0.82,134,2.69,0.35,2.20E-06,1.45E-08,0.398,5.08E-05,0.602,FALSE
IC150102A,125796,16042897,06:36.9,57024.79626,gfu-bronze,318.74,2.91,3.96,1.27,0.34,0.49,126,3.38,0.317,1.02E-07,3.07E-06,0.00297,1.44E-05,0.997,FALSE
IC150104A,125800,83097666,34:31.1,57026.39897,gfu-bronze,272.11,28.76,1.71,1.54,2.41,1.86,133,1.13,0.448,1.82E-11,8.34E-09,9.18E-08,3.79E-06,1,FALSE
IC150118A,125929,11025256,13:36.9,57040.50945,gfu-bronze,152.53,4.33,1.54,2.72,0.71,0.86,156,2.3,0.374,7.83E-10,1.70E-09,0.000236,7.89E-06,1,FALSE
IC150119A,125934,55750717,50:58.4,57041.36873,gfu-bronze,286.92,6.43,1.36,1.27,0.6,0.53,140,2.76,0.347,2.40E-09,3.89E-10,0.00424,4.02E-06,0.996,FALSE
IC150120A,125940,7449833,37:54.9,57042.98466,gfu-bronze,95.89,14.13,1.19,1.36,0.5,0.5,113,2.35,0.336,1.58E-07,3.02E-09,0.0358,1.03E-05,0.964,FALSE
IC150127A,125968,61389842,33:00.1,57049.48125,gfu-gold,100.37,4.59,1.36,1.63,0.79,0.67,293,0.44,0.661,1.18E-06,2.74E-08,0.194,4.38E-05,0.806,FALSE
IC150129A,125973,80686964,27:30.7,57051.22744,gfu-bronze,358.51,6.39,3.91,6.55,3.16,3.67,130,2.88,0.334,3.63E-07,6.97E-07,0.000897,0.00039,0.999,FALSE
IC150224A,126082,40384770,59:26.6,57077.99961,gfu-bronze,237.75,55.11,8.26,2.26,3.38,3.03,106,0.64,0.379,4.21E-06,3.14E-10,1,2.94E-10,8.95E-09,FALSE
IC150313A,126148,74589372,41:37.9,57094.32058,gfu-bronze,127.05,-3.36,1.76,2.07,0.75,0.75,107,3.78,0.292,1.53E-07,1.12E-10,1,9.70E-09,5.36E-07,FALSE
IC150428A,126308,20883844,10:43.7,57140.59078,gfu-bronze,31.07,15.02,4.04,6.42,1.94,1.42,109,2.58,0.321,1.47E-09,8.40E-08,5.61E-06,1.05E-05,1,FALSE
IC150515A,126370,61611641,35:50.9,57157.94156,gfu-gold,91.49,12.14,0.92,0.75,0.53,0.5,401,0.56,0.768,1.69E-06,3.75E-12,1,1.02E-10,2.13E-08,FALSE
IC150526A,126405,50771014,24:27.0,57168.01698,gfu-bronze,139.79,-1.49,2.46,2.99,0.9,1.01,108,4.2,0.282,1.30E-08,5.03E-07,1.58E-05,0.000109,1,FALSE
IC150601A,126423,50123696,26:11.9,57174.01819,gfu-bronze,333.37,9.63,2.42,1.71,1.21,1.17,106,3.58,0.27,8.23E-08,3.57E-07,4.87E-05,6.92E-06,1,FALSE
IC150609A,126456,1581608,38:11.5,57182.02652,gfu-bronze,49.53,0.3,1.1,1.1,0.45,0.82,118,3.49,0.313,2.47E-05,1.18E-05,0.000206,0.0057,0.994,FALSE
IC150609B,126456,35956042,19:25.3,57182.18015,gfu-bronze,245.43,0.22,1.67,1.23,1.04,0.93,116,3.63,0.305,3.16E-05,5.47E-10,1,9.85E-09,1.34E-05,FALSE
IC150625A,126514,73786337,21:31.3,57198.63995,gfu-bronze,71.89,0.86,4.35,4.7,2.39,1.83,112,3.99,0.286,4.67E-09,8.20E-08,4.74E-05,4.30E-06,1,FALSE
IC150625B,126515,20091930,33:30.8,57198.73161,gfu-bronze,306.43,19.08,2.02,2.02,0.91,1.18,154,1.61,0.456,2.15E-09,1.19E-08,0.00123,1.78E-06,0.999,FALSE
IC150714A,126620,19175993,49:59.5,57217.90972,gfu-gold,326.29,26.36,1.49,1.32,1.89,2.19,439,0.45,0.841,1.21E-09,6.38E-07,5.60E-05,1.42E-05,1,FALSE
IC150809A,126703,23477554,43:40.3,57243.32199,gfu-bronze,221.75,-17.15,0.31,0.26,0.23,0.16,11667,0.29,0.199,1.67E-05,6.60E-06,0.000699,0.000186,0.999,TRUE
IC150812A,126717,29833358,37:34.5,57246.31776,gfu-bronze,317.59,30.09,5.1,4.66,2.31,2.43,125,1.24,0.439,4.58E-14,1.03E-08,5.18E-10,2.35E-07,1,FALSE
IC150812B,126718,53509959,13:05.4,57246.75909,gfu-gold,328.27,6.17,0.75,0.88,0.49,0.53,508,0.32,0.831,1.53E-06,1.20E-07,0.00212,1.86E-05,0.998,FALSE
IC150823A,126769,62990844,56:32.4,57257.6226,gfu-bronze,325.9,-2.35,3.47,4.17,2.61,2.09,133,2.67,0.35,3.27E-09,8.54E-08,0.000118,5.73E-06,1,FALSE
IC150831A,126798,67205547,13:39.3,57265.21782,gfu-gold,54.76,34,0.92,0.92,1.13,1.21,181,0.61,0.579,5.26E-08,5.11E-10,1,6.71E-11,6.33E-06,FALSE
IC150904A,126812,38566267,13:54.7,57269.75966,gfu-gold,133.77,28.08,0.53,0.88,0.51,0.55,302,0.5,0.741,1.21E-11,2.34E-07,2.25E-06,4.40E-05,1,FALSE
IC150914A,126848,8902133,59:54.3,57279.87493,gfu-bronze,129.68,30.35,1.89,2.59,1.88,1.29,120,1.37,0.426,8.45E-09,4.42E-07,0.0226,7.45E-06,0.977,FALSE
IC150918A,126860,17477746,05:49.6,57283.54571,gfu-bronze,49.83,-2.95,2.5,3.74,1.35,1.34,105,4.1,0.28,1.30E-08,2.27E-11,1,2.46E-10,5.60E-07,FALSE
IC150919A,126863,14025085,56:09.4,57284.20566,gfu-gold,279.54,30.35,1.76,2.29,2.19,1.5,228,0.53,0.674,1.31E-07,4.30E-08,1,3.55E-12,3.47E-06,FALSE
IC150923A,126878,30560694,38:34.7,57288.02679,ehe-gold,103.23,3.96,0.7,1.14,0.6,0.75,216,1.55,0.334,2.00E-08,2.33E-08,3.81E-05,5.64E-06,1,FALSE
IC150926A,126911,6416344,37:42.8,57291.90119,ehe-gold,194.55,-4.56,0.79,1.23,0.93,0.64,216,1.5,0.296,6.44E-07,1.26E-05,2.64E-05,0.000106,1,FALSE
IC151013A,126976,9961785,59:09.3,57308.12441,gfu-bronze,178.72,52.37,1.11,1.15,1.11,1.11,156,0.3,0.516,3.65E-17,7.32E-11,6.73E-08,2.16E-06,1,FALSE
IC151017A,126989,59479399,13:03.0,57312.67573,gfu-gold,197.53,19.95,2.46,2.72,3.01,2.29,321,0.67,0.754,1.80E-08,2.38E-12,1,4.81E-13,2.84E-09,FALSE
IC151114A,127112,69211097,57:49.0,57340.87348,gfu-gold,76.16,12.71,1.36,1.36,0.65,0.73,1124,0.27,0.957,1.74E-06,7.10E-12,1,3.21E-14,1.51E-11,FALSE
IC151122A,127154,9907321,45:31.1,57348.53161,gfu-gold,262.05,-2.24,0.88,1.05,0.63,0.67,253,0.54,0.637,1.35E-05,1.02E-06,0.0181,4.01E-05,0.982,FALSE
IC160104A,127357,17650073,39:08.1,57391.44384,gfu-gold,79.41,5,0.83,0.75,0.86,0.97,217,0.9,0.566,1.87E-05,7.48E-06,0.0026,0.00507,0.992,FALSE
IC160128A,127495,54505431,24:10.8,57415.18346,ehe-gold,263.76,-14.9,1.1,1.8,1.08,1.2,583,0.58,0.146,1.69E-07,6.32E-07,1.24E-05,1.34E-05,1,FALSE
IC160225A,127603,48070937,07:46.0,57443.88039,gfu-gold,311.87,60.06,2.18,1.78,1.65,1.37,188,0.15,0.596,9.66E-09,3.85E-11,1,2.32E-10,7.19E-06,FALSE
IC160307A,127650,18431575,43:11.2,57454.69666,gfu-bronze,91.32,10.47,7.08,8.66,2.74,4.45,106,3.15,0.28,1.40E-10,2.53E-05,5.38E-06,1.39E-07,1,FALSE
IC160331A,127742,55820225,33:50.8,57478.56517,gfu-gold,151.22,15.48,0.66,0.66,0.66,0.73,492,0.46,0.851,2.39E-10,5.40E-10,0.000168,5.57E-07,1,FALSE
IC160410A,127790,45902607,37:41.0,57488.7345,gfu-bronze,235.63,-4.07,1.23,1.45,1.31,0.86,131,2.28,0.367,4.34E-07,3.25E-09,0.00142,9.44E-05,0.998,FALSE
IC160427A,127853,67093193,52:32.2,57505.24482,hese-bronze,240.29,9.71,0.44,0.48,0.57,0.42,85,0.23,0.451,0.000124,2.03E-07,1,8.98E-07,7.83E-05,FALSE
IC160510A,127910,25056152,56:05.5,57518.66395,ehe-gold,352.88,1.9,1.76,1.45,0.75,0.67,208,1.4,0.393,5.26E-06,8.34E-07,0.148,8.93E-05,0.852,FALSE
IC160612A,128034,69069846,25:22.9,57551.43429,gfu-bronze,16.52,4.67,0.88,0.18,1.87,0.52,106,4.74,0.249,5.73E-08,4.38E-09,0.0137,0.000118,0.986,FALSE
IC160614A,128065,17929326,37:43.4,57553.5262,gfu-bronze,214.76,40.82,3.16,4.13,3.33,3.98,112,0.89,0.413,2.50E-14,5.63E-08,5.62E-11,3.76E-07,1,FALSE
IC160615A,128067,65335330,42:12.4,57554.40431,gfu-bronze,304.32,12.64,1.63,1.05,1.33,1.34,150,1.64,0.41,2.61E-10,1.28E-08,8.16E-07,1.80E-05,1,FALSE
IC160707A,128209,54386016,01:52.8,57576.16797,gfu-bronze,351.43,0.6,1.54,2.29,0.82,1.12,110,4.15,0.278,1.12E-07,8.20E-08,0.000581,8.32E-05,0.999,FALSE
IC160720A,128253,44251618,55:28.8,57589.91353,gfu-bronze,60.25,29.23,10.72,8.88,5.32,5.87,108,2.07,0.368,8.78E-13,1.41E-08,1.83E-08,1.76E-07,1,FALSE
IC160727A,128278,49218472,15:33.4,57596.34414,gfu-bronze,113.12,14.67,1.93,1.54,1.08,1.12,105,3.02,0.296,3.19E-07,7.79E-12,1,4.98E-11,1.48E-08,FALSE
IC160731A,128290,6888376,55:03.5,57600.0799,hese-bronze,214.58,-0.3,0.53,0.57,0.45,0.67,98,0.33,0.441,0.00378,4.96E-08,0.996,3.16E-07,1.57E-07,FALSE
IC160731B,128292,15195696,50:13.6,57600.78488,gfu-bronze,312.63,20.07,3.74,3.21,2.56,2.13,118,2.08,0.385,1.39E-11,2.06E-08,2.17E-07,6.76E-06,1,FALSE
IC160806A,128311,26552458,21:32.8,57606.51496,gfu-gold,122.78,-0.71,0.88,1.23,0.56,0.56,219,0.82,0.578,1.39E-06,5.17E-06,2.23E-05,0.000198,1,FALSE
IC160812A,128334,9739548,25:10.9,57612.68415,gfu-bronze,86.99,48.83,15.29,15.29,9.95,10,160,0.22,0.527,3.88E-13,2.88E-08,1.09E-09,2.94E-06,1,FALSE
IC160814A,128340,58537957,45:54.1,57614.90688,hese-gold,200.04,-32.13,3.12,2.68,1.75,1.24,263,0.56,0.607,8.24E-07,1.37E-09,1,4.48E-10,5.41E-07,FALSE
IC160924A,128547,14557367,47:08.2,57655.74107,gfu-gold,241.13,1.34,4.92,5.89,3.4,2.8,191,1.25,0.508,6.55E-09,2.45E-08,7.52E-05,1.80E-05,1,FALSE
IC161001A,128567,21044380,32:23.9,57662.43917,gfu-gold,192.57,37.12,2.5,2.07,1.51,2.49,204,0.35,0.639,6.18E-08,7.99E-09,0.981,1.73E-07,0.0192,FALSE
IC161012A,128606,54200591,42:06.6,57673.61258,gfu-gold,190.06,-7.48,2.2,4.04,2.18,2.98,759,0.9,0.252,4.73E-07,5.29E-07,0.0161,4.06E-05,0.984,FALSE
IC161021A,128632,62194858,25:17.9,57682.30924,gfu-bronze,121.42,23.72,2.64,2.9,1.93,2.02,135,1.42,0.434,3.52E-12,3.59E-09,8.20E-09,7.37E-06,1,FALSE
IC161027A,128651,44166050,40:21.2,57688.56969,gfu-bronze,119,1.53,2.94,2.24,2.32,2.39,155,2.31,0.376,6.32E-05,1.51E-05,0.896,0.00324,0.101,FALSE
IC161103A,128672,38561326,07:31.1,57695.38022,hese-bronze,40.87,12.52,1.05,0.57,1.15,0.61,85,1.38,0.311,2.11E-07,3.51E-06,0.0185,0.00046,0.981,FALSE
IC161117A,128755,32356079,58:04.2,57709.33199,gfu-gold,78.66,1.6,1.85,1.93,1.9,1.79,190,1.27,0.504,2.16E-08,1.86E-08,3.55E-05,6.97E-05,1,FALSE
IC161125A,128785,76992952,19:24.4,57717.43014,gfu-bronze,140.01,-0.11,2.15,1.19,0.75,0.86,161,1.94,0.403,3.21E-09,5.74E-08,9.83E-07,9.30E-06,1,FALSE
IC161127A,128796,26367207,57:14.4,57719.66475,gfu-bronze,257.55,73.27,36.46,29.23,5.71,9.96,139,0.35,0.453,0.000453,1.90E-07,1,5.71E-09,2.57E-07,FALSE
IC161210A,128906,80127519,06:40.3,57732.83797,ehe-gold,46.36,15.25,2.37,0.92,0.93,1.08,80,1.97,0.38,1.67E-05,7.31E-06,0.236,0.000393,0.763,FALSE
IC161224A,128967,17750653,53:48.2,57746.53736,gfu-bronze,61.79,17.78,2.5,2.37,1.46,1.56,139,1.93,0.417,1.90E-07,1.52E-06,0.585,3.54E-07,0.415,FALSE
IC170105A,129020,20626582,24:22.1,57758.14192,gfu-gold,309.95,8.16,5.01,7.56,2,3.34,198,1.05,0.535,3.49E-09,3.44E-08,0.0105,1.05E-05,0.989,FALSE
IC170206A,129144,66284903,10:32.4,57790.54899,gfu-bronze,180.35,33.2,5.23,3.82,1.85,2.16,135,0.91,0.462,4.82E-13,4.68E-09,1.91E-07,1.39E-08,1,FALSE
IC170208A,129153,11436007,04:29.9,57792.12812,gfu-bronze,99.67,16.84,2.59,3.3,1.6,1.55,151,1.66,0.431,3.89E-10,2.39E-05,8.20E-05,1.72E-05,1,FALSE
IC170208B,129154,45298080,17:08.1,57792.59523,gfu-bronze,92.81,4.59,1.23,1.05,0.94,1.16,133,3.23,0.328,2.63E-07,1.16E-08,0.0325,0.000106,0.967,FALSE
IC170227A,129232,51118868,33:25.3,57811.06488,gfu-bronze,205.09,4.26,1.89,3.96,1.09,1.12,108,3.91,0.267,3.23E-06,8.13E-09,1,6.18E-08,0.000103,FALSE
IC170308A,129267,34234803,11:49.3,57820.92488,gfu-bronze,155.35,5.53,2.02,1.19,0.98,0.9,107,4.44,0.254,8.08E-07,3.20E-06,0.00154,4.79E-05,0.998,FALSE
IC170321A,129307,80305071,32:20.7,57833.31413,ehe-gold,98.26,-15.06,1.32,0.92,1.04,1.2,231,1.15,0.242,0.000689,0.000314,0.04,0.00484,0.954,FALSE
IC170422A,129420,59928529,29:49.2,57865.64571,gfu-bronze,240.95,5.53,3.34,5.71,0.83,1.01,161,1.95,0.391,9.40E-06,2.83E-09,1,1.19E-07,4.51E-05,FALSE
IC170427A,129434,58903823,31:46.0,57870.31373,gfu-bronze,5.32,-0.6,4.48,5.27,1.75,1.23,155,2.26,0.383,1.16E-06,9.92E-07,0.0585,1.84E-05,0.941,FALSE
IC170514A,129506,21161807,11:27.7,57887.17463,gfu-bronze,311.97,18.6,2.2,1.23,2.1,1.1,109,2.53,0.338,7.07E-06,2.83E-07,0.897,8.78E-05,0.103,FALSE
IC170514B,129506,49650572,12:13.0,57887.30015,gfu-gold,227.37,30.65,1.23,1.1,1.4,0.99,174,0.82,0.553,3.64E-11,1.49E-07,3.82E-06,4.75E-05,1,FALSE
IC170527A,129550,51402681,40:16.8,57900.06964,gfu-bronze,178.59,26.49,2.77,3.47,3.82,3.45,124,1.43,0.422,2.83E-10,2.65E-07,0.00428,1.30E-05,0.996,FALSE
IC170621A,129654,8332254,35:20.5,57925.19121,gfu-bronze,74.97,25.08,7.25,7.78,5.57,6.2,109,2.13,0.367,1.56E-09,8.23E-07,8.10E-06,2.59E-05,1,FALSE
IC170626A,129677,55886338,27:48.9,57930.51932,gfu-gold,280.99,8.8,3.03,1.63,1.13,0.9,201,0.99,0.547,1.28E-08,2.35E-06,0.000866,1.27E-05,0.999,FALSE
IC170704A,129701,49353375,01:20.8,57938.2926,gfu-gold,230.45,23.36,1.67,1.71,1.1,0.89,195,0.78,0.602,4.09E-11,9.05E-08,5.07E-07,3.06E-05,1,FALSE
IC170717A,129777,67372962,37:25.7,57951.81766,gfu-gold,208.39,25.16,1.67,1.19,1.41,1.35,534,0.3,0.866,4.02E-10,1.63E-07,5.58E-07,7.22E-07,1,FALSE
IC170803A,129855,33565191,00:44.4,57968.08385,gfu-gold,1.1,4.63,4.48,1.76,0.41,0.41,214,0.93,0.561,2.54E-07,1.33E-05,0.00122,7.40E-05,0.999,FALSE
IC170809A,129878,40814378,19:46.0,57974.59706,gfu-gold,21.27,-2.28,0.75,1.05,0.6,0.67,226,0.69,0.598,4.73E-08,2.39E-07,1.80E-05,0.000166,1,FALSE
IC170819A,129915,72252401,37:09.5,57984.2758,gfu-bronze,26.98,18.88,1.85,3.03,1.11,1.1,167,1.21,0.509,3.16E-12,7.82E-08,1.02E-06,4.88E-07,1,FALSE
IC170824A,129933,32926212,17:24.1,57989.55375,gfu-gold,41.92,12.37,3.03,3.56,1.46,1.3,175,1.19,0.489,2.72E-07,1.44E-06,0.00414,0.00192,0.994,FALSE
IC170922A,130033,50579430,54:30.4,58018.87119,gfu-gold,77.43,5.79,1.14,0.75,0.64,0.41,264,0.6,0.631,2.62E-09,4.88E-07,2.77E-05,2.02E-05,1,FALSE
IC170923A,130034,7858514,30:40.4,58019.0213,gfu-gold,173.45,-2.54,2.37,2.55,0.9,1.31,202,0.93,0.563,1.11E-06,2.77E-08,0.00529,4.38E-05,0.995,FALSE
IC171006A,130092,30964247,23:14.7,58032.30781,gfu-bronze,132.63,17.23,1.41,2.24,1.06,0.66,118,2.24,0.37,5.36E-07,9.94E-11,1,8.58E-11,4.32E-07,FALSE
IC171015A,130126,56068624,34:30.1,58041.06563,hese-gold,162.91,-15.48,2.99,1.71,1.62,1.98,72,0.3,0.554,8.81E-06,9.99E-06,0.258,0.000368,0.741,FALSE
IC171028A,130172,52824390,21:16.5,58054.76477,gfu-bronze,294.52,2.05,3.56,3.38,2.2,3.21,133,3,0.337,3.91E-08,5.33E-06,1.94E-05,0.00013,1,FALSE
IC171106A,130214,17569642,39:39.2,58063.77754,gfu-gold,340.14,7.44,0.62,0.62,0.3,0.26,1573,0.19,0.975,5.14E-06,6.24E-08,0.0371,4.60E-05,0.963,FALSE
IC171108A,130220,11599241,06:50.4,58065.75475,gfu-bronze,269.65,-20.7,0.22,0.18,0.16,0.16,20310,0.15,0.179,4.07E-06,0.000162,2.57E-05,0.00106,0.999,TRUE
IC180117A,130561,84363835,03:10.6,58135.75221,hese-bronze,206.1,3.92,1.19,1.14,0.71,0.78,85,0.33,0.424,5.95E-05,1.30E-08,1,3.99E-08,1.06E-06,FALSE
IC180123A,130588,44934051,14:58.6,58141.67707,gfu-gold,77.12,8.01,2.5,2.9,0.41,0.49,416,0.54,0.788,3.13E-09,4.04E-05,4.04E-06,4.39E-06,1,FALSE
IC180125A,130597,55489144,25:03.5,58143.97574,gfu-bronze,207.51,23.77,1.01,0.57,0.57,0.57,110,2.19,0.362,1.80E-12,1.15E-09,0.000277,5.49E-07,1,FALSE
IC180205A,130639,37366501,06:04.6,58154.00422,gfu-bronze,17.4,-10.54,1.36,0.92,0.76,0.72,113,0.94,0.229,2.81E-06,1.10E-06,0.000137,8.51E-05,1,FALSE
IC180213A,130684,80612787,04:03.9,58162.37782,gfu-bronze,66.97,6.09,2.46,2.59,1.95,1.72,111,3.93,0.273,3.83E-08,3.11E-07,0.000535,0.00114,0.998,FALSE
IC180228A,130743,25740057,44:15.7,58177.5724,gfu-bronze,294.79,26.4,1.85,1.71,0.79,1.12,124,1.41,0.424,3.79E-12,3.49E-09,3.25E-08,8.05E-06,1,FALSE
IC180313A,130797,67186364,17:09.4,58190.67858,gfu-bronze,287.18,5.53,0.75,2.46,0.34,0.26,160,2.01,0.388,8.12E-08,7.22E-08,0.00916,0.000156,0.991,FALSE
IC180314A,130801,16289732,17:42.5,58191.80396,gfu-bronze,58.71,0.78,1.89,1.67,1.01,1.01,145,2.61,0.36,5.70E-08,1.24E-06,6.34E-06,7.68E-06,1,FALSE
IC180316A,130807,3160265,49:26.0,58193.24266,gfu-bronze,271.71,-1.42,1.19,3.43,1.23,1.27,156,2.15,0.391,2.72E-05,1.40E-07,0.152,0.0114,0.836,FALSE
IC180410A,130912,76035104,38:35.1,58218.77679,gfu-gold,218.5,0.56,0.79,1.27,0.75,0.71,234,0.7,0.6,1.24E-08,3.90E-09,9.90E-05,1.11E-05,1,FALSE
IC180417A,130932,35022693,41:03.5,58225.27851,gfu-gold,305.73,-4.41,3.6,1.58,0.67,0.75,202,0.85,0.577,1.81E-05,1.10E-06,0.15,0.000107,0.85,FALSE
IC180528A,131096,32665194,09:00.4,58266.50625,gfu-bronze,312.14,0.3,1.41,2.02,0.86,1.45,110,4.2,0.278,1.29E-06,2.71E-06,0.027,1.55E-05,0.973,FALSE
IC180608A,131134,60192271,19:31.9,58277.5969,gfu-bronze,69.08,-1.08,1.63,1.41,0.78,0.78,158,2.07,0.396,1.58E-05,8.90E-07,0.00125,0.00101,0.998,FALSE
IC180612A,131145,43542963,34:10.3,58281.1904,gfu-bronze,338.69,3.73,5.1,5.71,2.81,3.7,107,4.66,0.25,2.91E-07,2.04E-06,0.00393,4.41E-05,0.996,FALSE
IC180613A,131165,9342044,34:35.9,58282.98236,gfu-bronze,38.06,11.53,5.84,4.26,4.15,4.91,155,1.57,0.415,2.10E-11,9.53E-07,2.36E-07,2.79E-06,1,FALSE
IC180728A,131321,73241305,16:23.2,58327.84471,gfu-bronze,74.14,-17.74,0.44,0.35,0.51,0.59,16952,0.31,0.178,1.33E-06,0.000628,3.35E-07,9.29E-05,0.999,TRUE
IC180807A,131360,57649537,51:19.9,58337.20231,gfu-bronze,100.37,11.15,4,5.05,2.98,2.12,106,3.3,0.276,1.04E-09,3.21E-06,8.83E-06,1.32E-05,1,FALSE
IC180908A,131475,34507973,59:31.8,58369.83301,ehe-gold,144.98,-2.39,1.49,2.2,1.16,1.12,144,1.83,0.3,2.71E-06,2.13E-05,0.000449,0.000361,0.999,FALSE
IC180909A,131477,57977901,30:01.5,58370.60418,gfu-bronze,141.37,26.94,1.05,1.27,0.88,1,171,0.83,0.533,2.77E-11,1.72E-07,1.94E-06,1.50E-05,1,FALSE
IC180919A,131519,27561842,33:47.2,58380.06513,gfu-bronze,258.4,32.84,1.49,1.49,0.94,0.75,144,1.02,0.478,9.36E-11,1.17E-08,0.0718,1.92E-08,0.928,FALSE
IC181008A,131602,39194539,42:20.7,58399.77941,gfu-bronze,77.08,1.23,2.68,3.56,1.23,1.16,108,4.42,0.267,3.60E-08,6.85E-07,0.00068,9.57E-06,0.999,FALSE
IC181014A,131624,12296708,52:19.1,58405.49467,hese-bronze,225.22,-34.95,1.36,2.64,1.22,1.79,62,1.88,0.386,0.00106,0.007,0.00547,0.0109,0.976,FALSE
IC181023A,131653,53411354,37:32.7,58414.69274,ehe-gold,270.18,-8.42,1.89,1.71,1.13,1.55,237,1.12,0.153,3.27E-05,1.58E-09,1,5.65E-08,2.22E-06,FALSE
IC181023B,131653,63430929,39:45.7,58414.73595,gfu-bronze,78.27,21.54,1.76,0.92,0.96,0.93,136,1.66,0.427,3.30E-13,1.59E-10,0.0001,4.46E-07,1,FALSE
IC181114B,131746,47815348,40:17.6,58436.94465,gfu-bronze,6.02,18.84,1.63,2.24,0.87,0.98,145,1.75,0.438,1.64E-09,2.21E-08,3.02E-07,0.000253,1,FALSE
IC181120A,131764,48222919,00:32.2,58442.70871,gfu-gold,25.71,11.72,5.54,5.27,2.41,4.5,188,0.99,0.537,6.70E-10,6.08E-07,2.70E-07,0.00011,1,FALSE
IC181120B,131767,7377802,38:51.0,58442.94365,gfu-bronze,324.58,51.74,7.74,9.04,6.75,9.48,173,0.15,0.571,2.93E-05,2.59E-10,1,5.33E-10,2.08E-08,FALSE
IC181121A,131768,80926380,55:09.2,58443.57997,gfu-gold,132.19,32.93,7.34,6.99,4.19,3.57,209,0.52,0.645,4.36E-11,7.32E-09,1.92E-07,5.66E-06,1,FALSE
IC181212A,131913,38717715,02:43.9,58464.08523,hese-bronze,316.41,-31,1.85,2.02,1.68,1.58,162,1.38,0.459,7.78E-05,0.000191,0.0011,0.00163,0.997,FALSE
IC190113A,132043,80110393,07:28.8,58496.08853,gfu-bronze,56.91,-0.82,1.63,1.41,0.75,0.82,156,2.21,0.386,7.40E-09,5.26E-07,5.41E-06,2.03E-05,1,FALSE
IC190124A,132077,9759013,43:54.8,58507.1555,hese-gold,307.44,-32.22,0.53,1.14,0.96,0.31,157,0.3,0.743,5.83E-05,1.74E-07,1,1.15E-07,1.67E-05,FALSE
IC190201A,132128,69441226,22:34.0,58515.01567,gfu-bronze,245.08,38.78,0.75,0.88,0.77,0.67,163,0.38,0.533,2.21E-10,2.42E-13,1,3.95E-12,1.94E-06,FALSE
IC190214A,132206,36575563,08:39.4,58528.67268,gfu-gold,228.25,-4.14,0.79,0.53,0.37,0.3,348,0.31,0.738,4.49E-08,7.39E-09,0.0518,2.66E-05,0.948,FALSE
IC190221A,132229,66688965,25:39.7,58535.35115,hese-gold,268.59,-17,1.41,1.58,1.24,0.51,56,0.36,0.55,9.34E-05,4.43E-05,0.294,0.00377,0.702,FALSE
IC190223A,132237,23969090,24:04.1,58537.85005,gfu-bronze,155.21,19.67,0.7,0.66,0.28,0.44,168,1.15,0.512,1.15E-09,3.68E-09,0.0093,6.51E-07,0.991,FALSE
IC190317A,132321,28454069,57:54.3,58559.83188,gfu-bronze,81.25,3.21,5.89,5.98,3.93,4.07,108,4.4,0.26,8.09E-09,2.00E-11,1,1.32E-10,7.73E-08,FALSE
IC190410A,132427,70353420,28:19.6,58583.43634,gfu-bronze,310.61,12.22,3.3,3.65,2.84,2.28,105,3.01,0.28,7.59E-08,5.31E-06,0.000232,0.0203,0.979,FALSE
IC190413A,132437,16335312,47:58.5,58586.44998,gfu-bronze,219.33,11.72,0.7,1.32,0.72,0.72,107,2.75,0.292,8.79E-06,1.08E-06,0.133,0.000791,0.866,FALSE
IC190413B,132437,67132865,57:01.5,58586.6646,gfu-bronze,245.57,21.98,1.23,1.49,1.21,1.44,115,2.01,0.383,8.75E-11,4.52E-09,2.85E-07,8.69E-06,1,FALSE
IC190415A,132443,12627143,29:43.3,58588.43731,gfu-bronze,154.86,5.27,2.94,4.7,2.48,1.95,117,3.64,0.298,3.03E-09,1.21E-07,0.000274,7.59E-06,1,FALSE
IC190422A,132465,3856549,59:42.1,58595.24979,gfu-bronze,166.9,17.39,3.21,3.03,2,2.56,170,1.19,0.513,5.78E-07,3.36E-10,1,4.68E-09,1.43E-06,FALSE
IC190503A,132508,42419327,23:08.7,58606.72441,ehe-gold,120.19,6.43,0.66,0.66,0.68,0.75,142,1.75,0.341,3.12E-05,5.51E-06,0.111,0.000117,0.889,FALSE
IC190504A,132518,766165,25:18.4,58607.76757,hese-bronze,65.17,-37.26,1.67,1.14,0.61,1.09,55,1.88,0.386,2.52E-05,0.00203,0.0556,0.00518,0.937,FALSE
IC190515A,132577,42662743,48:52.8,58618.45061,gfu-gold,127.88,12.6,0.79,0.83,0.5,0.46,457,0.44,0.816,5.39E-09,1.35E-08,0.00283,2.26E-05,0.997,FALSE
IC190613A,132684,5635104,54:18.1,58647.82938,gfu-gold,312.19,26.57,0.66,0.79,0.75,0.71,195,0.72,0.606,1.17E-09,7.05E-07,0.000701,0.000129,0.999,FALSE
IC190619A,132707,54984442,14:18.0,58653.5516,gfu-gold,343.52,10.28,4.13,3.16,2.02,2.76,199,0.98,0.547,4.39E-08,8.17E-05,0.000105,9.73E-05,1,FALSE
IC190629A,132768,5390846,24:15.1,58663.80851,gfu-bronze,29.12,84.56,39.68,118.65,4.66,4.4,109,0.64,0.343,5.12E-05,9.50E-10,1,3.50E-09,9.00E-09,FALSE
IC190704A,132792,60166398,48:52.3,58668.78394,gfu-bronze,161.81,26.9,2.15,3.91,1.94,1.91,155,1,0.486,3.33E-09,3.01E-11,1,1.49E-10,1.73E-05,FALSE
IC190712A,132814,44222682,15:17.4,58676.05228,gfu-bronze,76.64,12.75,5.23,6.99,4.79,2.82,109,2.61,0.304,5.84E-09,8.24E-07,0.000641,5.57E-05,0.999,FALSE
IC190730A,132910,57145925,50:41.3,58694.86853,gfu-gold,226.14,10.77,1.27,1.98,1.03,1.17,298,0.68,0.67,1.77E-08,4.27E-08,0.0449,2.21E-05,0.955,FALSE
IC190819A,132974,67924813,34:24.2,58714.73222,gfu-bronze,148.54,1.45,2.29,3.3,0.93,0.75,113,3.85,0.293,1.96E-06,1.36E-06,0.0957,7.55E-05,0.904,FALSE
IC190922A,133091,81419,42:45.6,58748.40469,ehe-gold,167.3,-22.27,2.81,2.72,3.39,3.31,3114,0.23,0.202,3.75E-05,0.000422,6.36E-05,0.000227,0.999,FALSE
IC190922B,133092,52499868,03:55.6,58748.96106,gfu-gold,5.71,-1.53,1.19,1.27,0.9,0.78,187,1.33,0.504,2.68E-05,5.19E-06,0.0032,0.000217,0.997,FALSE
IC191001A,133119,22683750,09:18.2,58757.83979,gfu-gold,313.99,12.79,6.94,2.46,1.65,1.64,218,0.86,0.59,3.22E-05,2.21E-10,1,6.14E-09,9.03E-07,FALSE
IC191119A,133331,47828126,01:29.4,58806.0427,gfu-gold,229.31,3.77,5.49,4.97,2.47,2.24,177,1.54,0.451,2.54E-08,2.41E-07,0.000172,9.61E-06,1,FALSE
IC191122A,133348,80807014,45:10.5,58809.94804,gfu-bronze,27.03,0.07,1.98,2.72,1.08,1.57,127,3.13,0.329,5.35E-08,1.90E-07,0.000216,7.18E-05,1,FALSE
IC191204A,133394,27261780,46:11.3,58821.94874,gfu-bronze,80.16,2.87,2.42,1.98,1.05,0.97,130,3.22,0.326,1.73E-06,4.71E-07,0.0116,0.00055,0.988,FALSE
IC191215A,133433,29047901,09:57.6,58832.46525,gfu-bronze,286.83,58.45,2.27,1.92,2.08,1.86,133,0.34,0.476,1.95E-14,6.86E-10,7.51E-06,5.24E-07,1,FALSE
IC191231A,133572,82361476,00:06.1,58848.4584,gfu-bronze,48.47,20.11,5.98,7.65,4.48,3.73,156,1.55,0.464,4.87E-08,0.000102,7.64E-05,0.000108,1,FALSE
IC200109A,133609,37927131,41:39.9,58857.98727,gfu-gold,165.45,11.8,3.6,4.39,1.18,1.29,375,0.64,0.769,5.19E-12,2.20E-06,2.10E-08,2.21E-05,1,FALSE
IC200117A,133634,1410505,08:29.7,58865.46423,gfu-bronze,116.02,29.18,0.79,1.19,0.86,0.81,108,1.93,0.375,3.83E-12,3.18E-08,5.09E-06,1.10E-05,1,FALSE
IC200120A,133644,43767651,48:18.6,58868.78355,gfu-bronze,67.41,-14.59,0.4,0.31,0.23,0.27,6055,0.37,0.314,2.31E-05,6.09E-05,0.000504,9.45E-05,0.999,TRUE
IC200410A,133945,24635982,19:55.5,58949.97217,gfu-bronze,242.58,11.61,10.2,10.2,7.83,6.19,110,2.55,0.305,1.20E-09,2.04E-07,6.80E-05,1.12E-05,1,FALSE
IC200421A,133985,60770138,35:24.2,58960.02459,gfu-bronze,87.93,8.23,3.43,2.81,2.08,1.81,127,2.79,0.333,1.16E-08,4.38E-12,1,8.83E-11,5.19E-08,FALSE
IC200425A,134013,16038252,26:46.3,58964.97693,gfu-bronze,99.97,53.72,4.76,3,2.25,1.69,135,0.52,0.481,4.76E-17,2.03E-10,5.53E-10,1.61E-09,1,FALSE
IC200512A,134081,58268464,31:27.8,58981.31352,gfu-bronze,295.18,15.79,1.67,2.24,1.24,1.28,109,2.61,0.322,4.44E-10,2.63E-08,7.54E-05,3.16E-06,1,FALSE
IC200523A,134116,58596690,30:07.6,58992.10425,gfu-bronze,338.64,1.75,9.98,6.02,1.79,3.51,105,4.91,0.25,2.71E-09,6.66E-08,4.29E-05,1.20E-05,1,FALSE
IC200530A,134139,35473338,54:29.4,58999.32951,ehe-gold,255.37,26.61,2.46,2.55,2.32,3.25,82,1.95,0.59,3.89E-10,9.90E-07,2.09E-06,2.60E-06,1,FALSE
IC200614A,134187,72386329,41:21.4,59014.52872,gfu-bronze,33.84,31.61,4.79,6.37,2.71,2.25,115,1.48,0.415,2.11E-05,1.08E-09,1,4.09E-10,2.87E-08,FALSE
IC200615A,134191,17593623,49:17.4,59015.61756,gfu-gold,142.95,3.66,1.14,1.41,1.16,1.01,496,0.29,0.828,2.04E-07,5.64E-07,6.67E-05,2.94E-05,1,FALSE
IC200620A,134207,33533447,03:32.3,59020.12746,gfu-bronze,162.11,11.95,0.62,0.92,0.61,0.46,114,2.32,0.325,3.51E-07,1.46E-07,0.00251,0.000974,0.997,FALSE
IC200806A,134354,59221243,50:56.4,59067.57704,gfu-bronze,157.25,47.75,1.17,0.87,0.64,0.59,107,0.79,0.397,1.29E-08,5.75E-10,0.0405,7.73E-05,0.959,FALSE
IC200911A,134482,27754576,19:46.2,59103.59706,gfu-bronze,51.11,38.11,4.39,10.99,2.31,1.97,111,0.97,0.408,1.23E-08,0.548,0.000699,1.90E-06,0.451,FALSE
IC200916A,134498,12605830,40:31.0,59108.86147,gfu-bronze,109.78,14.36,1.05,1.41,0.85,0.81,110,2.48,0.322,6.98E-08,4.10E-11,1,1.83E-10,4.46E-06,FALSE
IC200921A,134512,71996695,07:12.9,59113.79668,gfu-bronze,195.29,26.24,2.33,1.71,1.46,1.73,117,1.59,0.409,8.24E-13,1.35E-07,4.68E-07,5.31E-06,1,FALSE
IC200926A,134533,53384881,54:11.6,59118.3293,ehe-gold,96.46,-4.33,0.7,0.53,0.6,0.75,670,0.54,0.44,3.76E-05,1.19E-07,1,1.12E-08,7.18E-06,FALSE
IC200926B,134535,41069485,35:29.2,59118.94131,gfu-bronze,184.75,32.93,3.65,1.54,1.16,0.88,121,1.29,0.434,7.48E-11,3.46E-09,3.84E-08,4.58E-05,1,FALSE
IC200929A,134552,68615710,48:36.8,59121.74209,gfu-gold,29.53,3.47,0.53,0.53,0.71,0.34,183,1.41,0.475,4.37E-08,1.25E-07,0.00278,0.00016,0.997,FALSE
IC201007A,134577,31638233,01:49.3,59129.91793,gfu-gold,265.17,5.34,0.48,0.48,0.3,0.19,683,0.26,0.885,1.31E-07,1.50E-08,0.0469,0.000186,0.953,FALSE
IC201014A,134599,66310113,13:27.5,59136.09268,gfu-bronze,221.22,14.44,0.97,1.19,0.66,0.46,147,1.71,0.414,5.38E-05,2.02E-07,1,1.29E-08,3.92E-06,FALSE
IC201021A,134621,31008065,37:47.5,59143.27624,gfu-bronze,260.82,14.55,1.71,1.67,1.31,0.69,105,2.99,0.297,1.44E-12,4.90E-08,2.17E-07,1.32E-07,1,FALSE
IC201114A,134698,40735501,05:32.0,59167.62884,gfu-gold,105.73,5.87,0.92,1.27,1.05,1.01,214,0.92,0.562,4.24E-09,6.83E-07,8.32E-06,2.06E-05,1,FALSE
IC201115A,134699,70289682,07:26.2,59168.0885,gfu-gold,195.12,1.38,1.23,1.45,1.27,1.08,177,1.52,0.46,1.46E-09,2.28E-07,3.21E-05,5.59E-07,1,FALSE
IC201120A,134715,65785778,44:40.6,59173.40602,gfu-bronze,307.66,40.72,5.19,5.68,5.02,2.75,154,0.29,0.503,6.90E-13,2.56E-08,2.49E-07,1.12E-05,1,FALSE
IC201130A,134751,31476488,21:46.5,59183.84845,ehe-gold,30.54,-12.1,1.1,1.27,1.14,1.11,203,1.32,0.15,0.000122,0.00077,0.00433,0.00149,0.993,FALSE
IC201209A,134777,8912764,15:43.9,59192.42759,ehe-gold,6.86,-9.25,1.01,1.19,0.94,1.1,419,0.77,0.19,3.61E-05,1.40E-10,1,4.24E-10,9.76E-09,FALSE
IC201221A,134817,29175858,36:53.5,59204.52562,gfu-gold,261.69,41.81,2.28,2.46,1.25,1.14,175,0.15,0.564,2.93E-14,2.21E-10,2.07E-08,4.61E-05,1,FALSE
IC201222A,134818,73718836,56:16.1,59205.03908,gfu-gold,206.37,13.44,0.88,0.75,0.54,0.34,186,1.01,0.534,2.66E-07,1.09E-06,0.00192,1.21E-05,0.998,FALSE
